Time;EventType;ParticipantID
3.018;IC;1
3.417;TO;1
4.528;IC;1
5.209;TO;1
6.873;IC;1
7.154;TO;1
11.958;IC;1
12.802;TO;1
14.334;IC;1
14.549;TO;1
16.116;IC;1
16.444;TO;1
18.161;IC;1
18.339;TO;1
19.398;IC;1
20.262;TO;1
21.268;IC;1
22.082;TO;1
23.142;IC;1
24.116;TO;1
25.515;IC;1
25.734;TO;1
27.145;IC;1
27.797;TO;1
29.249;IC;1
29.428;TO;1
30.492;IC;1
31.292;TO;1
32.29;IC;1
33.422;TO;1
34.292;IC;1
35.088;TO;1
36.719;IC;1
38.726;TO;1
39.811;IC;1
40.6;TO;1
42.132;IC;1
42.621;TO;1
44.092;IC;1
44.291;TO;1
45.471;IC;1
46.263;TO;1
48.044;IC;1
48.223;TO;1
49.41;IC;1
50.405;TO;1
51.574;IC;1
52.278;TO;1
53.669;IC;1
53.881;TO;1
55.559;IC;1
55.757;TO;1
56.811;IC;1
2.367;IC;10
3.115;TO;10
3.987;IC;10
4.323;TO;10
5.024;IC;10
5.668;TO;10
6.309;IC;10
6.963;TO;10
8.023;IC;10
8.373;TO;10
9.345;IC;10
9.659;TO;10
10.306;IC;10
11.116;TO;10
11.639;IC;10
12.304;TO;10
12.982;IC;10
13.591;TO;10
14.565;IC;10
14.88;TO;10
15.594;IC;10
16.219;TO;10
16.893;IC;10
17.512;TO;10
18.244;IC;10
18.876;TO;10
19.473;IC;10
20.165;TO;10
20.933;IC;10
21.473;TO;10
22.133;IC;10
22.715;TO;10
23.443;IC;10
24.084;TO;10
24.695;IC;10
25.308;TO;10
26.006;IC;10
26.613;TO;10
27.24;IC;10
27.867;TO;10
28.493;IC;10
29.186;TO;10
29.841;IC;10
30.416;TO;10
31.092;IC;10
31.681;TO;10
32.305;IC;10
33;TO;10
33.672;IC;10
34.432;TO;10
34.947;IC;10
35.59;TO;10
36.298;IC;10
36.905;TO;10
37.877;IC;10
38.198;TO;10
38.865;IC;10
39.491;TO;10
40.228;IC;10
40.816;TO;10
41.473;IC;10
42.125;TO;10
43.093;IC;10
43.423;TO;10
44.141;IC;10
44.765;TO;10
45.446;IC;10
46.126;TO;10
46.733;IC;10
47.438;TO;10
48.121;IC;10
48.748;TO;10
49.42;IC;10
50.071;TO;10
50.788;IC;10
51.429;TO;10
52.05;IC;10
52.762;TO;10
53.418;IC;10
54.237;TO;10
54.732;IC;10
55.437;TO;10
56.07;IC;10
56.709;TO;10
57.361;IC;10
58.037;TO;10
58.793;IC;10
59.448;TO;10
2.2;IC;11
2.798;TO;11
3.635;IC;11
4.199;TO;11
5.03;IC;11
5.586;TO;11
6.372;IC;11
7.116;TO;11
7.782;IC;11
8.483;TO;11
9.281;IC;11
9.713;TO;11
10.702;IC;11
11.102;TO;11
12.239;IC;11
12.454;TO;11
13.369;IC;11
13.908;TO;11
14.902;IC;11
15.361;TO;11
16.06;IC;11
16.853;TO;11
17.7;IC;11
18.322;TO;11
19.141;IC;11
19.591;TO;11
20.426;IC;11
20.94;TO;11
22.103;IC;11
22.438;TO;11
23.153;IC;11
23.752;TO;11
24.75;IC;11
25.214;TO;11
25.932;IC;11
26.527;TO;11
27.508;IC;11
27.878;TO;11
28.49;IC;11
29.228;TO;11
30.38;IC;11
30.659;TO;11
31.363;IC;11
31.978;TO;11
32.736;IC;11
33.397;TO;11
34.392;IC;11
34.668;TO;11
35.294;IC;11
36.064;TO;11
37.179;IC;11
37.765;TO;11
38.419;IC;11
39.019;TO;11
39.924;IC;11
40.104;TO;11
40.911;IC;11
41.488;TO;11
42.497;IC;11
43.027;TO;11
43.848;IC;11
44.219;TO;11
45.147;IC;11
45.643;TO;11
46.705;IC;11
47.008;TO;11
47.93;IC;11
48.471;TO;11
49.501;IC;11
49.921;TO;11
50.571;IC;11
51.136;TO;11
52.142;IC;11
52.912;TO;11
53.615;IC;11
53.966;TO;11
54.838;IC;11
55.322;TO;11
56.064;IC;11
56.752;TO;11
57.807;IC;11
58.114;TO;11
59.197;IC;11
544;IC;12
918;TO;12
1.778;IC;12
2.224;TO;12
2.963;IC;12
3.41;TO;12
4.176;IC;12
4.551;TO;12
5.142;IC;12
5.562;TO;12
6.643;IC;12
6.819;TO;12
7.689;IC;12
8.156;TO;12
8.907;IC;12
9.326;TO;12
10.078;IC;12
10.514;TO;12
11.326;IC;12
11.683;TO;12
12.478;IC;12
12.825;TO;12
13.528;IC;12
14.072;TO;12
14.747;IC;12
15.25;TO;12
15.956;IC;12
16.484;TO;12
17.219;IC;12
17.678;TO;12
18.427;IC;12
18.745;TO;12
19.47;IC;12
19.782;TO;12
20.652;IC;12
20.935;TO;12
21.773;IC;12
22.246;TO;12
22.894;IC;12
23.387;TO;12
23.97;IC;12
24.491;TO;12
25.244;IC;12
25.564;TO;12
26.295;IC;12
26.743;TO;12
27.446;IC;12
27.773;TO;12
28.551;IC;12
28.908;TO;12
29.57;IC;12
29.944;TO;12
30.631;IC;12
31.078;TO;12
31.814;IC;12
32.29;TO;12
33.001;IC;12
33.402;TO;12
34.125;IC;12
34.456;TO;12
35.206;IC;12
35.546;TO;12
36.344;IC;12
36.734;TO;12
37.523;IC;12
37.867;TO;12
38.558;IC;12
39.017;TO;12
39.772;IC;12
40.149;TO;12
40.746;IC;12
41.285;TO;12
41.945;IC;12
42.422;TO;12
43.123;IC;12
43.523;TO;12
44.411;IC;12
44.703;TO;12
44.937;IC;12
45.935;TO;12
46.143;IC;12
46.9;TO;12
47.596;IC;12
48.098;TO;12
48.826;IC;12
49.188;TO;12
50.051;IC;12
50.334;TO;12
51.054;IC;12
51.477;TO;12
52.349;IC;12
52.685;TO;12
53.523;IC;12
53.841;TO;12
54.661;IC;12
54.988;TO;12
55.735;IC;12
56.133;TO;12
56.89;IC;12
57.293;TO;12
58.072;IC;12
58.334;TO;12
58.587;IC;12
59.143;IC;12
59.476;TO;12
59.476;TO;12
2.122;IC;13
2.477;TO;13
3.197;IC;13
3.376;TO;13
4.344;IC;13
4.693;TO;13
5.443;IC;13
5.822;TO;13
6.542;IC;13
6.909;TO;13
7.635;IC;13
7.985;TO;13
8.662;IC;13
9.043;TO;13
9.713;IC;13
10.09;TO;13
10.825;IC;13
11.155;TO;13
11.584;IC;13
12.201;TO;13
12.902;IC;13
13.221;TO;13
13.618;IC;13
14.155;TO;13
14.988;IC;13
15.318;TO;13
15.726;IC;13
16.441;TO;13
17.179;IC;13
17.505;TO;13
18.243;IC;13
18.428;TO;13
19.312;IC;13
19.632;TO;13
20.379;IC;13
20.709;TO;13
21.068;IC;13
21.624;TO;13
22.5;IC;13
22.839;TO;13
23.532;IC;13
23.726;TO;13
24.616;IC;13
24.794;TO;13
25.704;IC;13
25.866;TO;13
26.785;IC;13
27.129;TO;13
27.501;IC;13
28.226;TO;13
28.882;IC;13
29.216;TO;13
29.938;IC;13
30.321;TO;13
31.008;IC;13
31.367;TO;13
32.064;IC;13
32.434;TO;13
33.132;IC;13
33.486;TO;13
34.164;IC;13
34.549;TO;13
34.925;IC;13
35.577;TO;13
36.313;IC;13
36.632;TO;13
37.3;IC;13
37.463;TO;13
38.348;IC;13
38.53;TO;13
39.336;IC;13
39.593;TO;13
40.447;IC;13
40.753;TO;13
41.499;IC;13
41.692;TO;13
42.583;IC;13
42.959;TO;13
43.641;IC;13
43.952;TO;13
44.689;IC;13
44.867;TO;13
45.748;IC;13
46.107;TO;13
46.495;IC;13
47.127;TO;13
47.853;IC;13
48.17;TO;13
48.887;IC;13
49.102;TO;13
49.954;IC;13
50.301;TO;13
51.033;IC;13
51.395;TO;13
52.105;IC;13
52.298;TO;13
53.187;IC;13
53.393;TO;13
54.272;IC;13
54.58;TO;13
55.358;IC;13
55.685;TO;13
56.408;IC;13
56.581;TO;13
57.497;IC;13
57.808;TO;13
58.519;IC;13
58.691;TO;13
59.59;IC;13
5.606;IC;14
6;TO;14
6.742;IC;14
7.128;TO;14
7.301;IC;14
8.248;TO;14
9.001;IC;14
9.154;TO;14
9.509;IC;14
10.368;TO;14
11.336;IC;14
11.5;TO;14
11.839;IC;14
12.641;TO;14
13.623;IC;14
13.98;TO;14
14.757;IC;14
14.922;TO;14
15.878;IC;14
16.021;TO;14
16.402;IC;14
17.172;TO;14
18.126;IC;14
18.28;TO;14
18.658;IC;14
19.6;TO;14
20.33;IC;14
20.478;TO;14
20.846;IC;14
21.622;TO;14
22.011;IC;14
22.766;TO;14
23.1;IC;14
23.861;TO;14
24.222;IC;14
25.011;TO;14
25.97;IC;14
26.135;TO;14
27.06;IC;14
27.406;TO;14
28.122;IC;14
28.512;TO;14
28.645;IC;14
29.419;TO;14
29.765;IC;14
30.52;TO;14
30.866;IC;14
31.647;TO;14
32.626;IC;14
32.775;TO;14
33.155;IC;14
34.191;TO;14
34.935;IC;14
35.094;TO;14
36.051;IC;14
36.222;TO;14
37.211;IC;14
37.366;TO;14
37.727;IC;14
38.544;TO;14
38.889;IC;14
39.649;TO;14
40.642;IC;14
40.801;TO;14
41.175;IC;14
41.934;TO;14
42.295;IC;14
43.079;TO;14
44.069;IC;14
44.228;TO;14
45.219;IC;14
45.376;TO;14
46.367;IC;14
46.519;TO;14
47.473;IC;14
47.626;TO;14
47.976;IC;14
48.718;TO;14
49.711;IC;14
49.859;TO;14
50.223;IC;14
51.052;TO;14
51.406;IC;14
52.146;TO;14
52.478;IC;14
53.44;TO;14
53.572;IC;14
54.316;TO;14
54.683;IC;14
55.444;TO;14
55.787;IC;14
56.575;TO;14
57.549;IC;14
57.697;TO;14
58.671;IC;14
58.823;TO;14
59.781;IC;14
2.306;IC;15
2.522;TO;15
3.44;IC;15
3.62;TO;15
4.477;IC;15
4.702;TO;15
6.478;IC;15
6.785;TO;15
7.484;IC;15
7.748;TO;15
8.462;IC;15
8.852;TO;15
9.441;IC;15
10.846;TO;15
11.698;IC;15
11.928;TO;15
12.686;IC;15
13.009;TO;15
14.753;IC;15
15.096;TO;15
15.772;IC;15
17.173;TO;15
17.943;IC;15
18.277;TO;15
19.033;IC;15
19.289;TO;15
20.769;IC;15
21.405;TO;15
21.554;IC;15
22.381;TO;15
23.267;IC;15
23.501;TO;15
24.283;IC;15
24.601;TO;15
25.33;IC;15
25.546;TO;15
26.357;IC;15
26.55;TO;15
28.455;IC;15
28.62;TO;15
31.479;IC;15
31.725;TO;15
32.474;IC;15
32.737;TO;15
33.496;IC;15
35.916;IC;15
39.829;TO;15
39.829;TO;15
39.958;IC;15
41.802;TO;15
42.562;IC;15
42.741;TO;15
48.658;IC;15
48.969;TO;15
51.388;IC;15
52.917;TO;15
53.681;IC;15
54.017;TO;15
55.654;IC;15
56.969;TO;15
57.536;IC;15
58.052;TO;15
58.728;IC;15
1.859;IC;16
2.242;TO;16
2.951;IC;16
3.643;TO;16
4.031;IC;16
4.778;TO;16
5.829;IC;16
6.224;TO;16
6.713;IC;16
7.346;TO;16
7.929;IC;16
8.759;TO;16
9.705;IC;16
9.875;TO;16
10.675;IC;16
11.173;TO;16
12.114;IC;16
12.458;TO;16
13.391;IC;16
13.713;TO;16
14.654;IC;16
14.999;TO;16
15.938;IC;16
16.282;TO;16
17.011;IC;16
17.522;TO;16
18.6;IC;16
18.941;TO;16
19.793;IC;16
20.167;TO;16
21.044;IC;16
21.403;TO;16
22.298;IC;16
22.629;TO;16
23.492;IC;16
23.838;TO;16
24.725;IC;16
25.088;TO;16
25.998;IC;16
26.163;TO;16
27.173;IC;16
27.517;TO;16
28.448;IC;16
28.783;TO;16
29.649;IC;16
29.993;TO;16
30.7;IC;16
31.225;TO;16
31.744;IC;16
32.39;TO;16
33.132;IC;16
33.68;TO;16
34.388;IC;16
34.74;TO;16
35.388;IC;16
36.1;TO;16
36.734;IC;16
37.323;TO;16
38.184;IC;16
38.523;TO;16
39.444;IC;16
39.622;TO;16
40.629;IC;16
40.982;TO;16
41.89;IC;16
42.241;TO;16
43.138;IC;16
43.469;TO;16
44.352;IC;16
44.693;TO;16
45.575;IC;16
45.9;TO;16
46.782;IC;16
47.106;TO;16
47.859;IC;16
48.336;TO;16
49.073;IC;16
49.566;TO;16
50.388;IC;16
50.749;TO;16
51.486;IC;16
51.969;TO;16
52.45;IC;16
53.199;TO;16
53.708;IC;16
54.278;TO;16
55.19;IC;16
55.529;TO;16
56.372;IC;16
56.887;TO;16
57.593;IC;16
57.929;TO;16
58.827;IC;16
59.328;TO;16
5.846;IC;17
6.454;TO;17
7.077;IC;17
7.994;TO;17
8.524;IC;17
9.118;TO;17
10.231;IC;17
10.425;TO;17
11.378;IC;17
11.901;TO;17
12.889;IC;17
13.228;TO;17
13.397;IC;17
14.325;TO;17
14.869;IC;17
15.63;TO;17
16.736;IC;17
17.054;TO;17
19.326;IC;17
19.634;TO;17
20.569;IC;17
20.756;TO;17
21.427;IC;17
22.038;TO;17
22.636;IC;17
23.296;TO;17
23.633;IC;17
24.741;TO;17
25.231;IC;17
25.883;TO;17
26.534;IC;17
27.176;TO;17
27.793;IC;17
28.457;TO;17
29.064;IC;17
29.772;TO;17
30.341;IC;17
30.965;TO;17
32.077;IC;17
32.268;TO;17
32.86;IC;17
33.722;TO;17
34.622;IC;17
34.81;TO;17
35.894;IC;17
36.073;TO;17
37.174;IC;17
37.352;TO;17
37.924;IC;17
38.555;TO;17
39.678;IC;17
39.847;TO;17
40.909;IC;17
41.092;TO;17
42.234;IC;17
42.403;TO;17
44.284;IC;17
45.101;TO;17
46.035;IC;17
46.228;TO;17
47.319;IC;17
47.651;TO;17
48.156;IC;17
48.779;TO;17
49.883;IC;17
50.061;TO;17
51.144;IC;17
51.332;TO;17
51.99;IC;17
52.618;TO;17
53.679;IC;17
53.857;TO;17
54.952;IC;17
55.137;TO;17
56.232;IC;17
56.393;TO;17
57.439;IC;17
57.644;TO;17
58.754;IC;17
58.948;TO;17
7.227;IC;18
7.382;TO;18
8.585;IC;18
10.152;TO;18
11.413;IC;18
11.565;TO;18
12.867;IC;18
13.017;TO;18
14.243;IC;18
14.398;TO;18
15.614;IC;18
15.775;TO;18
17.027;IC;18
17.183;TO;18
18.369;IC;18
18.552;TO;18
19.679;IC;18
19.851;TO;18
20.203;IC;18
21.279;TO;18
22.282;IC;18
22.635;TO;18
23.598;IC;18
23.752;TO;18
24.861;IC;18
25.234;TO;18
25.386;IC;18
26.371;TO;18
27.504;IC;18
27.913;TO;18
28.84;IC;18
29.008;TO;18
30.154;IC;18
30.306;TO;18
31.44;IC;18
31.594;TO;18
32.793;IC;18
32.945;TO;18
34.143;IC;18
34.298;TO;18
35.432;IC;18
35.805;TO;18
36.744;IC;18
36.895;TO;18
37.254;IC;18
38.249;TO;18
39.404;IC;18
39.561;TO;18
39.938;IC;18
41.098;TO;18
42.04;IC;18
42.196;TO;18
43.39;IC;18
43.539;TO;18
44.698;IC;18
44.857;TO;18
47.325;IC;18
47.501;TO;18
48.704;IC;18
49.103;TO;18
50.061;IC;18
50.224;TO;18
52.809;IC;18
53.269;TO;18
54.185;IC;18
54.35;TO;18
55.494;IC;18
55.653;TO;18
56.025;IC;18
56.992;TO;18
58.208;IC;18
58.369;TO;18
58.725;IC;18
1.93;IC;19
2.075;TO;19
3.783;IC;19
4.08;TO;19
5.223;IC;19
5.548;TO;19
9.677;IC;19
11.224;TO;19
11.699;IC;19
11.84;TO;19
12.293;IC;19
13.301;TO;19
14.159;IC;19
15.022;TO;19
15.18;IC;19
15.784;TO;19
16.084;IC;19
16.9;TO;19
17.969;IC;19
18.88;TO;19
20.49;IC;19
20.8;TO;19
21.87;IC;19
22.623;TO;19
22.8;IC;19
23.019;TO;19
24.394;IC;19
24.665;TO;19
25.722;IC;19
26.706;TO;19
26.896;IC;19
27.28;TO;19
28.189;IC;19
28.43;TO;19
29.523;IC;19
30.404;TO;19
31.435;IC;19
32.334;TO;19
33.384;IC;19
34.244;TO;19
35.215;IC;19
36.244;TO;19
37.915;IC;19
38.196;TO;19
39.143;IC;19
39.986;TO;19
40.152;IC;19
40.512;TO;19
40.93;IC;19
41.845;TO;19
42.037;IC;19
42.535;TO;19
42.999;IC;19
43.763;TO;19
45.516;IC;19
45.733;TO;19
46.639;IC;19
47.546;TO;19
48.488;IC;19
49.41;TO;19
50.396;IC;19
51.315;TO;19
51.465;IC;19
51.635;TO;19
52.253;IC;19
53.243;TO;19
53.392;IC;19
53.549;TO;19
54.783;IC;19
55.349;TO;19
56.097;IC;19
56.971;TO;19
57.12;IC;19
57.719;TO;19
57.986;IC;19
58.997;TO;19
2.563;IC;2
3.441;TO;2
4.33;IC;2
5.043;TO;2
5.776;IC;2
6.683;TO;2
7.623;IC;2
8.42;TO;2
9.203;IC;2
10.12;TO;2
10.865;IC;2
11.742;TO;2
13.079;IC;2
13.398;TO;2
13.983;IC;2
14.985;TO;2
15.8;IC;2
16.655;TO;2
17.399;IC;2
18.202;TO;2
18.945;IC;2
19.785;TO;2
20.635;IC;2
21.329;TO;2
22.572;IC;2
22.916;TO;2
23.775;IC;2
24.467;TO;2
25.02;IC;2
25.959;TO;2
26.711;IC;2
27.565;TO;2
28.28;IC;2
29.086;TO;2
29.804;IC;2
30.681;TO;2
31.358;IC;2
32.223;TO;2
33.047;IC;2
33.796;TO;2
34.555;IC;2
35.393;TO;2
36.037;IC;2
36.943;TO;2
37.734;IC;2
38.538;TO;2
39.281;IC;2
40.097;TO;2
40.901;IC;2
41.741;TO;2
42.534;IC;2
43.255;TO;2
44.067;IC;2
44.899;TO;2
46.129;IC;2
46.554;TO;2
46.934;IC;2
48.121;TO;2
48.865;IC;2
49.744;TO;2
50.472;IC;2
51.28;TO;2
52.267;IC;2
52.795;TO;2
53.598;IC;2
54.402;TO;2
55.812;IC;2
55.985;TO;2
56.72;IC;2
57.642;TO;2
58.433;IC;2
59.207;TO;2
4.34;IC;20
4.713;TO;20
4.928;IC;20
5.926;TO;20
6.301;IC;20
7.378;TO;20
7.665;IC;20
8.799;TO;20
9.115;IC;20
10.15;TO;20
10.459;IC;20
11.47;TO;20
11.735;IC;20
12.664;TO;20
13.053;IC;20
14.164;TO;20
14.318;IC;20
15.513;TO;20
15.779;IC;20
16.871;TO;20
17.019;IC;20
18.224;TO;20
18.393;IC;20
19.414;TO;20
19.804;IC;20
20.897;TO;20
21.182;IC;20
22.093;TO;20
22.53;IC;20
23.444;TO;20
23.831;IC;20
24.78;TO;20
25.165;IC;20
26.062;TO;20
27.163;IC;20
27.524;TO;20
27.81;IC;20
28.984;TO;20
29.142;IC;20
30.064;TO;20
31.18;IC;20
31.534;TO;20
31.748;IC;20
32.673;TO;20
33.065;IC;20
34.15;TO;20
34.402;IC;20
35.386;TO;20
36.4;IC;20
36.816;TO;20
37.76;IC;20
37.966;TO;20
38.385;IC;20
39.28;TO;20
39.67;IC;20
40.823;TO;20
41.022;IC;20
41.979;TO;20
42.375;IC;20
43.283;TO;20
43.718;IC;20
44.638;TO;20
45.034;IC;20
45.944;TO;20
46.374;IC;20
47.265;TO;20
47.715;IC;20
48.669;TO;20
49.085;IC;20
50.217;TO;20
50.385;IC;20
51.351;TO;20
51.756;IC;20
52.707;TO;20
53.096;IC;20
54.244;TO;20
54.432;IC;20
55.454;TO;20
55.814;IC;20
56.948;TO;20
57.844;IC;20
58.222;TO;20
58.531;IC;20
59.603;TO;20
1.121;IC;21
1.9;TO;21
2.266;IC;21
3.038;TO;21
3.421;IC;21
4.237;TO;21
4.624;IC;21
5.418;TO;21
5.786;IC;21
6.608;TO;21
6.97;IC;21
7.805;TO;21
8.183;IC;21
8.953;TO;21
9.339;IC;21
10.066;TO;21
10.413;IC;21
11.195;TO;21
11.57;IC;21
12.362;TO;21
12.715;IC;21
13.521;TO;21
13.88;IC;21
14.664;TO;21
15.24;IC;21
15.768;TO;21
16.104;IC;21
16.898;TO;21
17.482;IC;21
18.005;TO;21
18.666;IC;21
19.122;TO;21
19.878;IC;21
20.285;TO;21
20.64;IC;21
21.436;TO;21
21.78;IC;21
22.557;TO;21
23.21;IC;21
23.7;TO;21
24.065;IC;21
25.011;TO;21
25.151;IC;21
25.947;TO;21
26.71;IC;21
27.096;TO;21
27.834;IC;21
28.233;TO;21
28.824;IC;21
29.344;TO;21
29.951;IC;21
30.486;TO;21
31.127;IC;21
31.64;TO;21
32.457;IC;21
32.77;TO;21
33.506;IC;21
33.959;TO;21
34.807;IC;21
35.093;TO;21
35.728;IC;21
36.244;TO;21
36.999;IC;21
37.432;TO;21
38.053;IC;21
38.555;TO;21
39.008;IC;21
39.676;TO;21
40.238;IC;21
40.774;TO;21
41.546;IC;21
41.913;TO;21
42.581;IC;21
43.025;TO;21
43.745;IC;21
44.164;TO;21
44.89;IC;21
45.297;TO;21
45.832;IC;21
46.426;TO;21
47.164;IC;21
47.552;TO;21
48.339;IC;21
48.695;TO;21
49.571;IC;21
49.818;TO;21
50.552;IC;21
50.943;TO;21
51.746;IC;21
52.103;TO;21
52.707;IC;21
53.211;TO;21
53.889;IC;21
54.311;TO;21
55.054;IC;21
55.426;TO;21
55.791;IC;21
56.558;TO;21
57.314;IC;21
57.677;TO;21
58.56;IC;21
58.85;TO;21
4.269;IC;22
4.452;TO;22
5.383;IC;22
6.354;TO;22
9.919;IC;22
11.896;TO;22
12.043;IC;22
12.993;TO;22
13.148;IC;22
15.103;TO;22
15.259;IC;22
16.196;TO;22
16.344;IC;22
17.235;TO;22
17.379;IC;22
18.314;TO;22
20.551;IC;22
21.477;TO;22
21.634;IC;22
22.531;TO;22
22.687;IC;22
23.528;TO;22
23.673;IC;22
24.568;TO;22
24.721;IC;22
24.924;TO;22
25.532;IC;22
25.68;TO;22
26.89;IC;22
27.072;TO;22
27.681;IC;22
27.827;TO;22
29.032;IC;22
29.972;TO;22
30.132;IC;22
31.023;TO;22
31.173;IC;22
32.111;TO;22
32.272;IC;22
33.213;TO;22
33.372;IC;22
33.532;TO;22
34.349;IC;22
34.566;TO;22
35.164;IC;22
35.327;TO;22
36.569;IC;22
37.512;TO;22
37.679;IC;22
40.728;TO;22
40.882;IC;22
41.827;TO;22
41.999;IC;22
42.188;TO;22
42.768;IC;22
42.913;TO;22
44.135;IC;22
45.106;TO;22
45.275;IC;22
46.052;IC;22
46.197;TO;22
46.197;TO;22
47.441;IC;22
47.632;TO;22
48.577;IC;22
48.766;TO;22
49.381;IC;22
49.532;TO;22
50.79;IC;22
51.563;IC;22
51.711;TO;22
51.711;TO;22
52.683;IC;22
52.82;TO;22
53.775;IC;22
53.919;TO;22
54.873;IC;22
55.023;TO;22
56.247;IC;22
57.154;TO;22
57.307;IC;22
58.237;TO;22
58.387;IC;22
1.655;IC;23
1.929;TO;23
2.63;IC;23
3.005;TO;23
3.716;IC;23
4.002;TO;23
4.713;IC;23
4.979;TO;23
5.704;IC;23
5.951;TO;23
6.683;IC;23
6.971;TO;23
7.662;IC;23
7.925;TO;23
8.601;IC;23
8.863;TO;23
9.55;IC;23
9.858;TO;23
10.423;IC;23
10.828;TO;23
11.47;IC;23
11.773;TO;23
12.418;IC;23
12.787;TO;23
13.383;IC;23
13.676;TO;23
14.338;IC;23
14.625;TO;23
15.239;IC;23
15.667;TO;23
16.214;IC;23
16.523;TO;23
17.074;IC;23
17.44;TO;23
18.121;IC;23
18.407;TO;23
19.039;IC;23
19.364;TO;23
19.947;IC;23
20.344;TO;23
20.895;IC;23
21.204;TO;23
21.856;IC;23
22.152;TO;23
22.773;IC;23
23.049;TO;23
23.665;IC;23
23.981;TO;23
24.628;IC;23
24.949;TO;23
25.502;IC;23
25.873;TO;23
26.45;IC;23
26.756;TO;23
27.415;IC;23
27.674;TO;23
28.299;IC;23
28.706;TO;23
29.186;IC;23
29.506;TO;23
30.111;IC;23
30.461;TO;23
31.076;IC;23
31.377;TO;23
31.977;IC;23
32.418;TO;23
32.93;IC;23
33.231;TO;23
33.867;IC;23
34.181;TO;23
34.765;IC;23
35.088;TO;23
35.653;IC;23
35.982;TO;23
36.587;IC;23
36.9;TO;23
37.418;IC;23
37.808;TO;23
38.386;IC;23
38.713;TO;23
39.456;IC;23
39.786;TO;23
40.281;IC;23
40.614;TO;23
41.192;IC;23
41.505;TO;23
42.118;IC;23
42.462;TO;23
43.092;IC;23
43.433;TO;23
44.007;IC;23
44.365;TO;23
44.97;IC;23
45.279;TO;23
45.927;IC;23
46.217;TO;23
46.801;IC;23
47.115;TO;23
47.686;IC;23
48.035;TO;23
48.648;IC;23
48.971;TO;23
49.584;IC;23
50.003;TO;23
50.47;IC;23
50.799;TO;23
51.38;IC;23
51.728;TO;23
52.332;IC;23
52.654;TO;23
53.309;IC;23
53.616;TO;23
54.198;IC;23
54.518;TO;23
55.105;IC;23
55.457;TO;23
56.073;IC;23
56.364;TO;23
56.995;IC;23
57.314;TO;23
57.984;IC;23
58.284;TO;23
58.873;IC;23
59.202;TO;23
2.138;IC;24
2.304;TO;24
4.121;IC;24
4.3;TO;24
5.132;IC;24
5.488;TO;24
5.641;IC;24
6.331;TO;24
7.214;IC;24
7.372;TO;24
8.28;IC;24
8.43;TO;24
10.285;IC;24
10.446;TO;24
10.795;IC;24
11.508;TO;24
12.4;IC;24
12.545;TO;24
13.44;IC;24
13.589;TO;24
14.466;IC;24
14.621;TO;24
15.482;IC;24
15.637;TO;24
16.516;IC;24
16.673;TO;24
17.533;IC;24
17.703;TO;24
18.588;IC;24
18.76;TO;24
19.627;IC;24
19.788;TO;24
20.622;IC;24
20.775;TO;24
21.644;IC;24
21.802;TO;24
22.634;IC;24
22.81;TO;24
23.669;IC;24
23.825;TO;24
24.677;IC;24
24.838;TO;24
26.685;IC;24
26.85;TO;24
27.702;IC;24
27.863;TO;24
28.752;IC;24
28.921;TO;24
29.777;IC;24
30.111;TO;24
30.28;IC;24
30.949;TO;24
31.823;IC;24
31.976;TO;24
32.353;IC;24
33.029;TO;24
33.915;IC;24
34.079;TO;24
34.959;IC;24
35.255;TO;24
35.957;IC;24
36.119;TO;24
37;IC;24
37.158;TO;24
39.016;IC;24
39.169;TO;24
40.047;IC;24
40.199;TO;24
41.068;IC;24
41.226;TO;24
42.071;IC;24
42.236;TO;24
42.578;IC;24
43.214;TO;24
44.082;IC;24
44.243;TO;24
45.12;IC;24
45.273;TO;24
46.167;IC;24
46.327;TO;24
47.171;IC;24
47.34;TO;24
48.184;IC;24
48.337;TO;24
49.211;IC;24
49.372;TO;24
50.247;IC;24
50.402;TO;24
51.32;IC;24
51.481;TO;24
52.367;IC;24
52.521;TO;24
53.406;IC;24
53.573;TO;24
54.416;IC;24
54.752;TO;24
55.477;IC;24
55.63;TO;24
56.471;IC;24
56.638;TO;24
57.549;IC;24
57.699;TO;24
58.588;IC;24
58.748;TO;24
59.621;IC;24
1.148;IC;25
1.372;TO;25
1.948;IC;25
2.436;TO;25
3.009;IC;25
3.437;TO;25
4.056;IC;25
4.216;TO;25
5.002;IC;25
5.18;TO;25
5.937;IC;25
6.243;TO;25
6.842;IC;25
7.018;TO;25
7.786;IC;25
8.128;TO;25
8.672;IC;25
9.084;TO;25
9.658;IC;25
9.829;TO;25
10.551;IC;25
10.749;TO;25
11.516;IC;25
11.853;TO;25
13.164;IC;25
13.617;TO;25
14.281;IC;25
14.567;TO;25
15.126;IC;25
15.43;TO;25
15.629;IC;25
16.245;TO;25
16.792;IC;25
17.145;TO;25
17.465;IC;25
18.064;TO;25
18.734;IC;25
18.942;TO;25
19.639;IC;25
19.993;TO;25
20.583;IC;25
20.895;TO;25
21.484;IC;25
21.651;TO;25
22.369;IC;25
22.576;TO;25
23.117;IC;25
23.491;TO;25
24.205;IC;25
24.434;TO;25
25.137;IC;25
25.387;TO;25
26.022;IC;25
26.41;TO;25
26.561;IC;25
27.135;TO;25
27.433;IC;25
28.105;TO;25
28.75;IC;25
29.076;TO;25
29.671;IC;25
29.896;TO;25
30.599;IC;25
30.952;TO;25
31.518;IC;25
31.709;TO;25
32.39;IC;25
32.583;TO;25
33.233;IC;25
33.532;TO;25
34.276;IC;25
34.448;TO;25
35.141;IC;25
35.534;TO;25
36.046;IC;25
36.269;TO;25
36.579;IC;25
37.22;TO;25
37.826;IC;25
38.141;TO;25
38.839;IC;25
39.111;TO;25
39.755;IC;25
40;TO;25
40.795;IC;25
40.952;TO;25
41.649;IC;25
41.876;TO;25
42.584;IC;25
42.796;TO;25
43.536;IC;25
43.719;TO;25
44.468;IC;25
44.77;TO;25
45.297;IC;25
45.533;TO;25
46.252;IC;25
46.478;TO;25
47.183;IC;25
47.398;TO;25
47.716;IC;25
48.496;TO;25
48.635;IC;25
49.393;TO;25
49.552;IC;25
50.172;TO;25
50.894;IC;25
51.215;TO;25
51.792;IC;25
52.004;TO;25
52.808;IC;25
52.997;TO;25
53.64;IC;25
53.94;TO;25
54.669;IC;25
54.846;TO;25
55.173;IC;25
55.904;TO;25
56.474;IC;25
56.847;TO;25
57.422;IC;25
57.788;TO;25
57.962;IC;25
58.606;TO;25
58.874;IC;25
59.686;TO;25
2.789;IC;26
3.238;TO;26
4.342;IC;26
4.538;TO;26
5.579;IC;26
5.993;TO;26
6.915;IC;26
7.408;TO;26
8.083;IC;26
8.867;TO;26
9.565;IC;26
10.379;TO;26
11.594;IC;26
11.988;TO;26
12.669;IC;26
13.492;TO;26
14.668;IC;26
15.244;TO;26
16.264;IC;26
16.478;TO;26
17.568;IC;26
18.244;TO;26
19.082;IC;26
19.76;TO;26
20.273;IC;26
21.032;TO;26
22.065;IC;26
22.811;TO;26
23.159;IC;26
24.338;TO;26
24.905;IC;26
25.685;TO;26
26.609;IC;26
27.298;TO;26
28.408;IC;26
28.772;TO;26
29.393;IC;26
30.31;TO;26
30.894;IC;26
32.026;TO;26
32.848;IC;26
33.64;TO;26
34.42;IC;26
34.995;TO;26
36.139;IC;26
36.584;TO;26
37.324;IC;26
38.165;TO;26
38.815;IC;26
39.738;TO;26
40.673;IC;26
41.377;TO;26
42.309;IC;26
43.254;TO;26
43.835;IC;26
44.633;TO;26
45.525;IC;26
46.197;TO;26
47.108;IC;26
47.993;TO;26
48.616;IC;26
49.688;TO;26
50.597;IC;26
51.388;TO;26
51.562;IC;26
52.9;TO;26
53.725;IC;26
54.287;TO;26
55.102;IC;26
56.249;TO;26
56.718;IC;26
57.688;TO;26
58.628;IC;26
59.506;TO;26
2.482;IC;27
2.67;TO;27
3.353;IC;27
3.949;TO;27
4.265;IC;27
5.186;TO;27
6.207;IC;27
6.392;TO;27
6.727;IC;27
7.653;TO;27
8.593;IC;27
8.85;TO;27
9.768;IC;27
9.975;TO;27
11.015;IC;27
11.22;TO;27
11.876;IC;27
12.439;TO;27
13.455;IC;27
13.657;TO;27
14.628;IC;27
14.82;TO;27
15.493;IC;27
16.158;TO;27
16.991;IC;27
17.299;TO;27
18.253;IC;27
18.452;TO;27
19.172;IC;27
19.757;TO;27
20.707;IC;27
20.89;TO;27
21.869;IC;27
22.187;TO;27
22.798;IC;27
23.327;TO;27
23.665;IC;27
24.6;TO;27
25.644;IC;27
25.829;TO;27
26.904;IC;27
27.205;TO;27
28.157;IC;27
28.344;TO;27
29.389;IC;27
29.601;TO;27
30.674;IC;27
30.997;TO;27
31.591;IC;27
32.234;TO;27
32.44;IC;27
33.349;TO;27
34.372;IC;27
34.585;TO;27
35.64;IC;27
35.949;TO;27
36.884;IC;27
37.084;TO;27
38.132;IC;27
38.322;TO;27
39.375;IC;27
39.561;TO;27
40.465;IC;27
40.858;TO;27
41.902;IC;27
42.186;TO;27
43.098;IC;27
43.294;TO;27
44.315;IC;27
44.512;TO;27
45.595;IC;27
45.792;TO;27
46.873;IC;27
47.064;TO;27
48.113;IC;27
48.309;TO;27
49.374;IC;27
49.565;TO;27
50.589;IC;27
50.788;TO;27
51.88;IC;27
52.056;TO;27
54.382;IC;27
54.573;TO;27
55.264;IC;27
56.013;TO;27
56.986;IC;27
57.194;TO;27
58.283;IC;27
58.464;TO;27
58.803;IC;27
2.172;IC;28
2.332;TO;28
3.722;IC;28
3.89;TO;28
5.127;IC;28
5.247;TO;28
7.567;IC;28
7.778;TO;28
9.689;IC;28
10.943;TO;28
11.08;IC;28
11.225;TO;28
12.477;IC;28
12.636;TO;28
13.306;IC;28
14.17;TO;28
14.832;IC;28
15.261;TO;28
15.472;IC;28
15.634;TO;28
18.473;IC;28
18.657;TO;28
21.576;IC;28
21.884;TO;28
23.07;IC;28
23.716;TO;28
24.32;IC;28
24.466;TO;28
25.792;IC;28
25.986;TO;28
29.004;IC;28
29.146;TO;28
30.169;IC;28
30.82;TO;28
31.759;IC;28
31.893;TO;28
34.818;IC;28
34.97;TO;28
36.365;IC;28
36.523;TO;28
37.718;IC;28
37.911;TO;28
39.192;IC;28
39.373;TO;28
40.649;IC;28
41.154;TO;28
41.808;IC;28
41.962;TO;28
44.89;IC;28
45.018;TO;28
46.36;IC;28
46.522;TO;28
52.061;IC;28
52.451;TO;28
53.607;IC;28
53.74;TO;28
54.253;IC;28
55.642;TO;28
56.664;IC;28
57.082;TO;28
57.271;IC;28
57.58;TO;28
58.497;IC;28
58.66;TO;28
1.717;IC;29
2.077;TO;29
3.075;IC;29
3.248;TO;29
4.215;IC;29
4.413;TO;29
5.42;IC;29
5.609;TO;29
6.408;IC;29
6.801;TO;29
7.629;IC;29
7.84;TO;29
8.784;IC;29
8.965;TO;29
9.924;IC;29
10.125;TO;29
11.101;IC;29
11.271;TO;29
12.223;IC;29
12.396;TO;29
13.32;IC;29
13.55;TO;29
14.276;IC;29
14.644;TO;29
15.583;IC;29
15.768;TO;29
16.689;IC;29
16.88;TO;29
17.762;IC;29
17.941;TO;29
18.867;IC;29
19.043;TO;29
19.971;IC;29
20.228;TO;29
21.548;IC;29
22.313;TO;29
23.223;IC;29
23.395;TO;29
24.29;IC;29
24.474;TO;29
25.381;IC;29
25.55;TO;29
27.478;IC;29
27.65;TO;29
28.509;IC;29
28.687;TO;29
29.606;IC;29
29.785;TO;29
30.75;IC;29
30.95;TO;29
31.889;IC;29
32.062;TO;29
33.035;IC;29
33.21;TO;29
33.554;IC;29
34.357;TO;29
35.356;IC;29
35.53;TO;29
36.495;IC;29
36.661;TO;29
38.895;IC;29
39.056;TO;29
41.314;IC;29
41.523;TO;29
42.485;IC;29
42.74;TO;29
43.676;IC;29
43.864;TO;29
44.23;IC;29
45.083;TO;29
45.97;IC;29
46.32;TO;29
47.267;IC;29
47.457;TO;29
48.473;IC;29
48.66;TO;29
49.635;IC;29
49.831;TO;29
50.152;IC;29
51.03;TO;29
52.122;IC;29
52.296;TO;29
53.311;IC;29
53.5;TO;29
54.565;IC;29
54.747;TO;29
55.764;IC;29
55.943;TO;29
57.002;IC;29
57.209;TO;29
58.227;IC;29
58.41;TO;29
59.498;IC;29
59.673;TO;29
1.054;IC;3
1.839;TO;3
2.402;IC;3
3.421;TO;3
3.767;IC;3
4.366;TO;3
4.975;IC;3
5.937;TO;3
6.114;IC;3
6.933;TO;3
7.564;IC;3
8.262;TO;3
8.815;IC;3
9.78;TO;3
10.111;IC;3
10.759;TO;3
11.344;IC;3
12.265;TO;3
12.535;IC;3
13.171;TO;3
13.757;IC;3
14.677;TO;3
14.967;IC;3
15.577;TO;3
16.147;IC;3
16.687;TO;3
17.268;IC;3
17.933;TO;3
18.44;IC;3
18.992;TO;3
19.609;IC;3
20.479;TO;3
20.805;IC;3
21.392;TO;3
21.956;IC;3
22.771;TO;3
23.412;IC;3
23.656;TO;3
24.184;IC;3
24.786;TO;3
25.355;IC;3
25.969;TO;3
26.517;IC;3
27.12;TO;3
27.645;IC;3
28.264;TO;3
28.817;IC;3
29.358;TO;3
29.884;IC;3
30.49;TO;3
31.078;IC;3
31.927;TO;3
32.211;IC;3
32.796;TO;3
33.347;IC;3
33.884;TO;3
34.399;IC;3
34.892;TO;3
35.519;IC;3
36.014;TO;3
36.612;IC;3
37.271;TO;3
37.776;IC;3
38.318;TO;3
38.88;IC;3
39.76;TO;3
39.977;IC;3
40.564;TO;3
41.173;IC;3
41.726;TO;3
42.31;IC;3
42.918;TO;3
43.433;IC;3
43.933;TO;3
44.516;IC;3
45.069;TO;3
45.943;IC;3
46.283;TO;3
46.741;IC;3
47.409;TO;3
47.88;IC;3
48.412;TO;3
48.924;IC;3
49.562;TO;3
50.351;IC;3
50.626;TO;3
51.192;IC;3
51.735;TO;3
52.559;IC;3
52.824;TO;3
53.684;IC;3
53.909;TO;3
54.48;IC;3
54.995;TO;3
55.512;IC;3
56.087;TO;3
56.608;IC;3
57.194;TO;3
57.71;IC;3
58.241;TO;3
58.826;IC;3
59.399;TO;3
3.011;IC;30
3.183;TO;30
4.348;IC;30
4.59;TO;30
5.892;IC;30
6.291;TO;30
7.391;IC;30
7.624;TO;30
8.823;IC;30
9.271;TO;30
10.278;IC;30
10.741;TO;30
11.798;IC;30
11.988;TO;30
13.272;IC;30
13.479;TO;30
14.723;IC;30
14.924;TO;30
16.196;IC;30
16.371;TO;30
17.599;IC;30
17.787;TO;30
19.02;IC;30
19.411;TO;30
20.425;IC;30
20.867;TO;30
21.89;IC;30
22.301;TO;30
23.26;IC;30
23.435;TO;30
24.661;IC;30
24.841;TO;30
26.07;IC;30
26.453;TO;30
27.552;IC;30
27.94;TO;30
28.867;IC;30
29.043;TO;30
30.252;IC;30
30.641;TO;30
31.693;IC;30
31.848;TO;30
33.044;IC;30
33.237;TO;30
34.453;IC;30
34.776;TO;30
35.838;IC;30
36.202;TO;30
37.26;IC;30
37.433;TO;30
38.649;IC;30
38.815;TO;30
40.08;IC;30
40.251;TO;30
41.51;IC;30
41.683;TO;30
42.942;IC;30
43.116;TO;30
44.318;IC;30
44.483;TO;30
45.746;IC;30
46.167;TO;30
47.156;IC;30
47.62;TO;30
48.595;IC;30
49.006;TO;30
50.088;IC;30
50.248;TO;30
51.497;IC;30
51.691;TO;30
52.864;IC;30
53.04;TO;30
54.322;IC;30
54.642;TO;30
55.693;IC;30
55.865;TO;30
57.1;IC;30
57.434;TO;30
58.517;IC;30
58.812;TO;30
2.432;IC;4
2.799;TO;4
3.835;IC;4
4.034;TO;4
5.154;IC;4
5.392;TO;4
6.153;IC;4
6.777;TO;4
7.888;IC;4
8.112;TO;4
8.961;IC;4
9.512;TO;4
10.186;IC;4
10.848;TO;4
11.956;IC;4
12.162;TO;4
12.964;IC;4
13.599;TO;4
14.777;IC;4
14.954;TO;4
15.618;IC;4
16.283;TO;4
17.302;IC;4
17.817;TO;4
18.781;IC;4
19.072;TO;4
20.181;IC;4
20.628;TO;4
21.623;IC;4
21.922;TO;4
22.928;IC;4
23.277;TO;4
24.256;IC;4
24.594;TO;4
25.622;IC;4
25.921;TO;4
26.694;IC;4
27.48;TO;4
28.298;IC;4
28.795;TO;4
29.528;IC;4
30.217;TO;4
31.177;IC;4
31.606;TO;4
32.827;IC;4
33.186;TO;4
34.127;IC;4
34.419;TO;4
34.894;IC;4
35.809;TO;4
36.884;IC;4
37.19;TO;4
38.331;IC;4
38.656;TO;4
39.585;IC;4
39.907;TO;4
40.953;IC;4
41.358;TO;4
42.439;IC;4
42.884;TO;4
43.814;IC;4
44.159;TO;4
44.905;IC;4
45.7;TO;4
46.269;IC;4
47.03;TO;4
48.099;IC;4
48.409;TO;4
49.513;IC;4
49.871;TO;4
50.688;IC;4
51.281;TO;4
52.487;IC;4
52.785;TO;4
53.666;IC;4
54.045;TO;4
54.854;IC;4
55.495;TO;4
56.61;IC;4
56.839;TO;4
58.018;IC;4
58.347;TO;4
58.766;IC;4
1.835;IC;5
2.045;TO;5
2.742;IC;5
2.912;TO;5
3.421;IC;5
3.817;TO;5
4.306;IC;5
4.872;TO;5
5.241;IC;5
5.719;TO;5
6.097;IC;5
6.425;TO;5
6.906;IC;5
7.342;TO;5
7.862;IC;5
8.262;TO;5
8.762;IC;5
9.253;TO;5
9.645;IC;5
10.016;TO;5
10.517;IC;5
10.882;TO;5
11.35;IC;5
11.757;TO;5
12.22;IC;5
12.699;TO;5
13.147;IC;5
13.624;TO;5
13.964;IC;5
14.421;TO;5
14.925;IC;5
15.375;TO;5
15.838;IC;5
16.36;TO;5
16.696;IC;5
17.12;TO;5
17.601;IC;5
18.034;TO;5
18.504;IC;5
18.913;TO;5
19.468;IC;5
19.922;TO;5
20.286;IC;5
20.724;TO;5
21.229;IC;5
21.602;TO;5
22.084;IC;5
22.466;TO;5
22.909;IC;5
23.389;TO;5
23.807;IC;5
24.285;TO;5
24.735;IC;5
25.14;TO;5
25.627;IC;5
26.171;TO;5
26.467;IC;5
26.953;TO;5
27.371;IC;5
27.882;TO;5
28.331;IC;5
28.832;TO;5
29.248;IC;5
29.721;TO;5
30.155;IC;5
30.589;TO;5
31.081;IC;5
31.514;TO;5
31.969;IC;5
32.433;TO;5
32.921;IC;5
33.367;TO;5
33.846;IC;5
34.337;TO;5
34.772;IC;5
35.225;TO;5
35.722;IC;5
36.164;TO;5
36.628;IC;5
37.076;TO;5
37.573;IC;5
38.004;TO;5
38.516;IC;5
38.928;TO;5
39.408;IC;5
39.9;TO;5
40.448;IC;5
40.857;TO;5
41.311;IC;5
41.764;TO;5
42.176;IC;5
42.865;TO;5
43.186;IC;5
43.638;TO;5
44.082;IC;5
44.558;TO;5
44.994;IC;5
45.47;TO;5
45.94;IC;5
46.423;TO;5
46.907;IC;5
47.364;TO;5
47.904;IC;5
48.343;TO;5
48.889;IC;5
49.276;TO;5
49.792;IC;5
50.215;TO;5
50.756;IC;5
51.202;TO;5
51.684;IC;5
52.116;TO;5
52.594;IC;5
53.028;TO;5
53.498;IC;5
54.081;TO;5
54.492;IC;5
54.916;TO;5
55.382;IC;5
55.84;TO;5
56.338;IC;5
56.767;TO;5
57.255;IC;5
57.731;TO;5
58.19;IC;5
58.664;TO;5
59.155;IC;5
59.632;TO;5
2.063;IC;6
2.572;TO;6
3.412;IC;6
3.778;TO;6
4.164;IC;6
4.652;TO;6
5.513;IC;6
5.812;TO;6
6.493;IC;6
6.686;TO;6
7.212;IC;6
7.717;TO;6
8.023;IC;6
8.888;TO;6
9.579;IC;6
9.753;TO;6
10.582;IC;6
10.761;TO;6
11.564;IC;6
11.73;TO;6
12.555;IC;6
12.734;TO;6
13.52;IC;6
13.708;TO;6
14.532;IC;6
14.723;TO;6
15.559;IC;6
15.741;TO;6
16.545;IC;6
16.742;TO;6
17.274;IC;6
17.756;TO;6
18.543;IC;6
18.717;TO;6
19.547;IC;6
19.715;TO;6
20.546;IC;6
20.724;TO;6
21.523;IC;6
21.699;TO;6
22.503;IC;6
22.835;TO;6
23.456;IC;6
23.648;TO;6
24.48;IC;6
24.663;TO;6
25.449;IC;6
25.641;TO;6
26.438;IC;6
26.616;TO;6
27.079;IC;6
27.634;TO;6
28.449;IC;6
28.616;TO;6
29.468;IC;6
29.632;TO;6
30.455;IC;6
30.62;TO;6
31.466;IC;6
31.631;TO;6
33.466;IC;6
33.632;TO;6
34.44;IC;6
34.604;TO;6
36.412;IC;6
36.583;TO;6
37.39;IC;6
37.561;TO;6
38.387;IC;6
38.557;TO;6
39.391;IC;6
39.56;TO;6
40.378;IC;6
40.553;TO;6
41.391;IC;6
41.56;TO;6
41.996;IC;6
42.529;TO;6
43.367;IC;6
43.533;TO;6
44.351;IC;6
44.522;TO;6
45.34;IC;6
45.503;TO;6
46.336;IC;6
46.508;TO;6
47.328;IC;6
47.657;TO;6
48.321;IC;6
48.493;TO;6
49.271;IC;6
49.442;TO;6
50.235;IC;6
50.41;TO;6
51.242;IC;6
51.57;TO;6
51.915;IC;6
52.469;TO;6
53.315;IC;6
53.478;TO;6
54.299;IC;6
54.468;TO;6
55.309;IC;6
55.477;TO;6
56.362;IC;6
56.531;TO;6
57.397;IC;6
57.56;TO;6
58.397;IC;6
58.574;TO;6
59.431;IC;6
59.597;TO;6
2.1;IC;7
2.418;TO;7
3.188;IC;7
3.749;TO;7
4.279;IC;7
4.848;TO;7
5.392;IC;7
5.896;TO;7
6.457;IC;7
6.782;TO;7
7.548;IC;7
7.851;TO;7
8.218;IC;7
9.142;TO;7
9.67;IC;7
10.227;TO;7
10.718;IC;7
11.12;TO;7
11.841;IC;7
12.206;TO;7
12.541;IC;7
13.289;TO;7
14.706;IC;7
15.435;TO;7
16.158;IC;7
16.698;TO;7
16.838;IC;7
17.765;TO;7
17.908;IC;7
18.849;TO;7
19.269;IC;7
19.731;TO;7
20.528;IC;7
20.836;TO;7
21.588;IC;7
21.912;TO;7
22.567;IC;7
23.217;TO;7
23.349;IC;7
24.09;TO;7
24.802;IC;7
25.368;TO;7
25.89;IC;7
26.461;TO;7
26.845;IC;7
27.325;TO;7
28.022;IC;7
28.665;TO;7
29.14;IC;7
30.558;TO;7
31.322;IC;7
31.885;TO;7
33.455;IC;7
34.016;TO;7
34.516;IC;7
35.085;TO;7
35.598;IC;7
36.157;TO;7
36.621;IC;7
37.212;TO;7
37.686;IC;7
38.064;TO;7
38.706;IC;7
39.393;TO;7
39.526;IC;7
40.238;TO;7
40.986;IC;7
41.544;TO;7
41.68;IC;7
42.651;TO;7
43.146;IC;7
43.484;TO;7
43.86;IC;7
46.973;TO;7
47.941;IC;7
48.063;TO;7
48.453;IC;7
48.916;TO;7
49.553;IC;7
50.226;TO;7
50.721;IC;7
51.103;TO;7
51.425;IC;7
52.375;TO;7
52.95;IC;7
53.502;TO;7
54.021;IC;7
54.383;TO;7
55.088;IC;7
55.662;TO;7
56.164;IC;7
56.739;TO;7
57.248;IC;7
57.808;TO;7
58.294;IC;7
58.904;TO;7
1.44;IC;8
1.599;TO;8
2.79;IC;8
3.984;TO;8
7.208;IC;8
8.546;TO;8
8.734;IC;8
8.924;TO;8
10.309;IC;8
11.683;TO;8
11.887;IC;8
13.282;TO;8
13.483;IC;8
13.71;TO;8
15.086;IC;8
15.319;TO;8
16.592;IC;8
16.802;TO;8
17.754;IC;8
17.917;TO;8
19.262;IC;8
19.448;TO;8
22.718;IC;8
24.115;TO;8
24.313;IC;8
24.55;TO;8
25.212;IC;8
25.67;TO;8
25.884;IC;8
26.099;TO;8
26.452;IC;8
27.243;TO;8
27.464;IC;8
28.77;TO;8
29.009;IC;8
29.221;TO;8
30.175;IC;8
30.721;TO;8
32.224;IC;8
32.424;TO;8
33.949;IC;8
34.202;TO;8
34.611;IC;8
35.508;TO;8
35.712;IC;8
35.966;TO;8
36.999;IC;8
37.165;TO;8
38.466;IC;8
38.854;TO;8
39.02;IC;8
40.517;TO;8
40.691;IC;8
40.927;TO;8
42.415;IC;8
42.598;TO;8
43.892;IC;8
44.264;TO;8
44.497;IC;8
45.631;TO;8
45.787;IC;8
47.285;TO;8
47.515;IC;8
47.696;TO;8
48.578;IC;8
48.907;TO;8
49.096;IC;8
49.319;TO;8
50.859;IC;8
51.097;TO;8
52.643;IC;8
54.051;TO;8
54.303;IC;8
55.8;TO;8
56.026;IC;8
56.246;TO;8
58.9;IC;8
59.416;TO;8
59.643;IC;8
1.482;IC;9
1.657;TO;9
2.643;IC;9
2.826;TO;9
3.172;IC;9
3.998;TO;9
4.988;IC;9
5.325;TO;9
7.289;IC;9
7.656;TO;9
8.469;IC;9
8.823;TO;9
10.758;IC;9
10.981;TO;9
11.974;IC;9
12.175;TO;9
12.729;IC;9
13.319;TO;9
13.861;IC;9
14.52;TO;9
15.485;IC;9
15.682;TO;9
16.604;IC;9
16.823;TO;9
17.827;IC;9
18.154;TO;9
18.974;IC;9
19.154;TO;9
21.27;IC;9
21.465;TO;9
22.422;IC;9
22.607;TO;9
23.145;IC;9
23.956;TO;9
24.09;IC;9
24.923;TO;9
25.438;IC;9
26.1;TO;9
27.076;IC;9
27.273;TO;9
28.303;IC;9
28.487;TO;9
29.404;IC;9
29.612;TO;9
30.153;IC;9
30.975;TO;9
31.753;IC;9
31.933;TO;9
32.883;IC;9
33.268;TO;9
34.071;IC;9
34.434;TO;9
35.226;IC;9
35.594;TO;9
35.961;IC;9
36.719;TO;9
37.362;IC;9
37.698;TO;9
38.567;IC;9
38.861;TO;9
39.356;IC;9
40.009;TO;9
40.564;IC;9
41.206;TO;9
41.732;IC;9
42.585;TO;9
42.909;IC;9
43.719;TO;9
44.063;IC;9
44.726;TO;9
45.584;IC;9
45.876;TO;9
46.701;IC;9
47.16;TO;9
47.534;IC;9
48.332;TO;9
48.745;IC;9
49.349;TO;9
49.87;IC;9
50.665;TO;9
50.985;IC;9
51.845;TO;9
52.473;IC;9
52.813;TO;9
53.319;IC;9
54.142;TO;9
54.953;IC;9
55.309;TO;9
55.458;IC;9
56.311;TO;9
56.878;IC;9
57.525;TO;9
58.468;IC;9
58.669;TO;9
59.191;IC;9